b190100cs,John,9.59,78,Mizoram
b190101cs,William,8.61,84,Tamilnadu
b190102cs,James,7.79,79,Mizoram
b190103cs,Charles,6.5,95,Mizoram
b190104cs,George,9.67,70,Tamilnadu
b190105cs,Frank,6.17,87,Gujarat
b190106cs,Joseph,7.31,79,Kerala
b190107cs,Thomas,7.58,71,Mizoram
b190108cs,Henry,7.33,82,Mizoram
b190109cs,Robert,8.19,75,Tamilnadu
b190110cs,Edward,9.56,78,Telangana
b190111cs,Harry,7.62,85,Mizoram
b190112cs,Walter,8.54,71,Kerala
b190113cs,Arthur,7.59,71,Kerala
b190114cs,Fred,7.43,91,Tamilnadu
b190115cs,Albert,7.79,84,Mizoram
b190116cs,Samuel,6.68,95,Mizoram
b190117cs,David,9.63,83,Mizoram
b190118cs,Louis,9.01,92,Telangana
b190119cs,Joe,9.31,98,Mizoram
b190120cs,Charlie,6.63,79,Kerala
b190121cs,Clarence,6.28,96,Gujarat
b190122cs,Richard,8.03,73,Mizoram
b190123cs,Andrew,6.86,74,Gujarat
b190124cs,Daniel,8.64,95,Gujarat
b190125cs,Ernest,8.31,91,Kerala
b190126cs,Will,8.11,83,Kerala
b190127cs,Jesse,9.69,87,Telangana
b190128cs,Oscar,8.81,76,Gujarat
b190129cs,Lewis,8.41,99,Mizoram
b190130cs,Peter,9.31,73,Mizoram
b190131cs,Benjamin,9.5,97,Tamilnadu
b190132cs,Frederick,6.22,87,Kerala
b190133cs,Willie,9.99,71,Mizoram
b190134cs,Alfred,9.08,89,Gujarat
b190135cs,Sam,9.79,100,Mizoram
b190136cs,Roy,7.36,73,Tamilnadu
b190137cs,Herbert,6.78,78,Gujarat
b190138cs,Jacob,6.22,70,Tamilnadu
b190139cs,Tom,7.68,83,Gujarat
b190140cs,Elmer,9.49,70,Gujarat
b190141cs,Carl,6.18,99,Kerala
b190142cs,Lee,6.32,86,Kerala
b190143cs,Howard,8.71,97,Tamilnadu
b190144cs,Martin,8.6,72,Kerala
b190145cs,Michael,7.98,93,Kerala
b190146cs,Bert,8.02,83,Tamilnadu
b190147cs,Herman,7.26,90,Mizoram
b190148cs,Jim,8.2,83,Tamilnadu
b190149cs,Francis,6.7,71,Tamilnadu
b190150cs,Harvey,9.2,92,Mizoram
b190151cs,Earl,7.91,73,Tamilnadu
b190152cs,Eugene,6.97,84,Kerala
b190153cs,Ralph,7.78,86,Gujarat
b190154cs,Ed,7.41,96,Telangana
b190155cs,Claude,8.09,81,Kerala
b190156cs,Edwin,6.67,86,Telangana
b190157cs,Ben,7.83,71,Telangana
b190158cs,Charley,8.78,76,Telangana
b190159cs,Paul,8.81,90,Kerala
b190160cs,Edgar,6.41,73,Telangana
b190161cs,Isaac,7.0,77,Telangana
b190162cs,Otto,6.51,95,Tamilnadu
b190163cs,Luther,8.62,100,Mizoram
b190164cs,Lawrence,8.98,98,Gujarat
b190165cs,Ira,6.21,79,Kerala
b190166cs,Patrick,8.6,85,Telangana
b190167cs,Guy,7.49,98,Kerala
b190168cs,Oliver,6.94,85,Telangana
b190169cs,Theodore,6.01,85,Kerala
b190170cs,Hugh,7.36,76,Kerala
b190171cs,Clyde,7.57,90,Telangana
b190172cs,Alexander,9.68,74,Telangana
b190173cs,August,6.46,86,Tamilnadu
b190174cs,Floyd,8.43,96,Tamilnadu
b190175cs,Homer,8.19,72,Kerala
b190176cs,Jack,7.48,95,Gujarat
b190177cs,Leonard,9.28,76,Mizoram
b190178cs,Horace,7.84,80,Tamilnadu
b190179cs,Marion,8.53,76,Telangana
b190180cs,Philip,8.39,95,Gujarat
b190181cs,Allen,6.23,87,Mizoram
b190182cs,Archie,9.62,99,Mizoram
b190183cs,Stephen,9.65,84,Kerala
b190184cs,Chester,6.93,73,Kerala
b190185cs,Willis,6.97,100,Telangana
b190186cs,Raymond,9.32,96,Gujarat
b190187cs,Rufus,8.0,90,Mizoram
b190188cs,Warren,7.3,90,Gujarat
b190189cs,Jessie,8.63,82,Tamilnadu
b190190cs,Milton,9.22,78,Tamilnadu
b190191cs,Alex,7.69,82,Telangana
b190192cs,Leo,8.52,70,Gujarat
b190193cs,Julius,6.88,92,Kerala
b190194cs,Ray,9.11,83,Kerala
b190195cs,Sidney,7.81,99,Mizoram
b190196cs,Bernard,9.68,93,Tamilnadu
b190197cs,Dan,9.38,95,Mizoram
b190198cs,Jerry,7.41,78,Tamilnadu
b190199cs,Calvin,8.02,79,Telangana
b190200cs,Perry,6.71,89,Kerala
b190201cs,Dave,8.75,91,Kerala
b190202cs,Anthony,8.15,82,Mizoram
b190203cs,Eddie,7.13,100,Telangana
b190204cs,Amos,7.1,83,Kerala
b190205cs,Dennis,6.93,92,Gujarat
b190206cs,Clifford,6.41,74,Gujarat
b190207cs,Leroy,9.85,79,Mizoram
b190208cs,Wesley,6.7,85,Mizoram
b190209cs,Alonzo,8.79,98,Kerala
b190210cs,Garfield,7.22,99,Mizoram
b190211cs,Franklin,7.23,82,Gujarat
b190212cs,Emil,6.93,78,Kerala
b190213cs,Leon,7.12,79,Kerala
b190214cs,Nathan,9.74,80,Tamilnadu
b190215cs,Harold,7.18,77,Tamilnadu
b190216cs,Matthew,6.24,95,Mizoram
b190217cs,Levi,8.08,71,Kerala
b190218cs,Moses,9.14,89,Telangana
b190219cs,Everett,9.14,90,Kerala
b190220cs,Lester,7.63,87,Telangana
b190221cs,Winfield,7.59,72,Kerala
b190222cs,Adam,9.09,83,Kerala
b190223cs,Lloyd,8.1,90,Mizoram
b190224cs,Mack,9.97,73,Telangana
b190225cs,Fredrick,8.92,88,Telangana
b190226cs,Jay,9.59,93,Mizoram
b190227cs,Jess,9.41,84,Kerala
b190228cs,Melvin,9.34,75,Gujarat
b190229cs,Noah,6.68,78,Tamilnadu
b190230cs,Aaron,8.3,99,Kerala
b190231cs,Alvin,8.58,98,Kerala
b190232cs,Norman,7.11,80,Mizoram
b190233cs,Gilbert,6.72,100,Gujarat
b190234cs,Elijah,7.81,82,Mizoram
b190235cs,Victor,7.55,72,Mizoram
b190236cs,Gus,9.69,95,Mizoram
b190237cs,Nelson,8.87,89,Mizoram
b190238cs,Jasper,8.17,74,Telangana
b190239cs,Silas,6.49,75,Gujarat
b190240cs,Christopher,9.15,70,Tamilnadu
b190241cs,Jake,8.03,88,Tamilnadu
b190242cs,Mike,8.72,80,Mizoram
b190243cs,Percy,8.77,70,Gujarat
b190244cs,Adolph,8.09,100,Tamilnadu
b190245cs,Maurice,9.51,97,Kerala
b190246cs,Cornelius,7.9,89,Mizoram
b190247cs,Felix,6.61,88,Kerala
b190248cs,Reuben,7.7,85,Telangana
b190249cs,Wallace,6.82,92,Tamilnadu
b190250cs,Claud,8.07,86,Gujarat
b190251cs,Roscoe,8.28,71,Gujarat
b190252cs,Sylvester,7.64,76,Gujarat
b190253cs,Earnest,6.63,83,Kerala
b190254cs,Hiram,8.98,87,Gujarat
b190255cs,Otis,7.15,86,Mizoram
b190256cs,Simon,6.98,72,Mizoram
b190257cs,Willard,7.42,81,Telangana
b190258cs,Irvin,7.3,79,Kerala
b190259cs,Mark,8.62,78,Gujarat
b190260cs,Jose,9.17,90,Tamilnadu
b190261cs,Wilbur,8.84,84,Kerala
b190262cs,Abraham,6.71,71,Mizoram
b190263cs,Virgil,7.55,100,Telangana
b190264cs,Clinton,6.26,99,Tamilnadu
b190265cs,Elbert,8.23,70,Kerala
b190266cs,Leslie,6.53,93,Kerala
b190267cs,Marshall,8.41,72,Telangana
b190268cs,Owen,8.31,84,Mizoram
b190269cs,Wiley,7.12,79,Mizoram
b190270cs,Anton,6.39,86,Gujarat
b190271cs,Morris,7.01,73,Telangana
b190272cs,Manuel,9.51,96,Gujarat
b190273cs,Phillip,9.94,99,Kerala
b190274cs,Augustus,9.22,99,Gujarat
b190275cs,Emmett,8.71,91,Gujarat
b190276cs,Eli,6.59,72,Gujarat
b190277cs,Nicholas,6.28,80,Tamilnadu
b190278cs,Wilson,9.49,91,Tamilnadu
b190279cs,Alva,7.39,71,Tamilnadu
b190280cs,Harley,8.09,83,Tamilnadu
b190281cs,Newton,7.03,71,Telangana
b190282cs,Timothy,7.15,77,Kerala
b190283cs,Marvin,6.83,88,Gujarat
b190284cs,Ross,9.48,85,Tamilnadu
b190285cs,Curtis,8.92,94,Telangana
b190286cs,Edmund,6.39,78,Kerala
b190287cs,Jeff,7.13,78,Tamilnadu
b190288cs,Elias,7.21,77,Kerala
b190289cs,Harrison,8.2,80,Gujarat
b190290cs,Stanley,6.35,79,Kerala
b190291cs,Columbus,6.11,77,Mizoram
b190292cs,Lon,6.78,78,Tamilnadu
b190293cs,Ora,7.94,95,Telangana
b190294cs,Ollie,7.9,87,Mizoram
b190295cs,Russell,8.18,88,Kerala
b190296cs,Pearl,9.33,80,Gujarat
b190297cs,Solomon,9.2,77,Tamilnadu
b190298cs,Arch,6.31,98,Telangana
b190299cs,Asa,9.09,88,Tamilnadu
b190300cs,Clayton,6.8,91,Gujarat
b190301cs,Enoch,8.04,99,Tamilnadu
b190302cs,Irving,8.29,72,Mizoram
b190303cs,Mathew,7.59,70,Gujarat
b190304cs,Nathaniel,7.47,98,Gujarat
b190305cs,Scott,9.66,89,Tamilnadu
b190306cs,Hubert,7.73,94,Telangana
b190307cs,Lemuel,7.58,83,Mizoram
b190308cs,Andy,6.57,100,Telangana
b190309cs,Ellis,7.34,79,Kerala
b190310cs,Emanuel,6.86,88,Gujarat
b190311cs,Joshua,9.5,80,Gujarat
b190312cs,Millard,8.46,99,Kerala
b190313cs,Vernon,8.1,82,Tamilnadu
b190314cs,Wade,6.93,70,Gujarat
b190315cs,Cyrus,6.82,94,Kerala
b190316cs,Miles,6.5,91,Gujarat
b190317cs,Rudolph,9.48,77,Telangana
b190318cs,Sherman,9.32,70,Tamilnadu
b190319cs,Austin,6.29,70,Gujarat
b190320cs,Bill,7.98,95,Tamilnadu
b190321cs,Chas,8.41,77,Telangana
b190322cs,Lonnie,8.36,80,Kerala
b190323cs,Monroe,6.08,98,Telangana
b190324cs,Byron,9.73,80,Telangana
b190325cs,Edd,9.59,99,Tamilnadu
b190326cs,Emery,9.01,80,Tamilnadu
b190327cs,Grant,8.52,90,Telangana
b190328cs,Jerome,8.56,72,Telangana
b190329cs,Max,7.51,76,Gujarat
b190330cs,Mose,6.56,82,Mizoram
b190331cs,Steve,7.46,78,Telangana
b190332cs,Gordon,9.5,80,Kerala
b190333cs,Abe,8.01,82,Kerala
b190334cs,Pete,7.59,79,Mizoram
b190335cs,Chris,6.93,99,Tamilnadu
b190336cs,Clark,8.92,82,Kerala
b190337cs,Gustave,6.8,81,Mizoram
b190338cs,Orville,9.0,81,Kerala
b190339cs,Lorenzo,8.31,73,Mizoram
b190340cs,Bruce,6.74,97,Kerala
b190341cs,Marcus,8.63,85,Telangana
b190342cs,Preston,7.22,94,Gujarat
b190343cs,Bob,8.91,76,Telangana
b190344cs,Dock,7.69,90,Gujarat
b190345cs,Donald,7.44,74,Gujarat
b190346cs,Jackson,6.72,78,Mizoram
b190347cs,Cecil,7.55,98,Mizoram
b190348cs,Barney,7.21,98,Mizoram
b190349cs,Delbert,7.26,70,Telangana
b190350cs,Edmond,8.4,75,Telangana
b190351cs,Anderson,6.56,96,Tamilnadu
b190352cs,Christian,9.43,91,Telangana
b190353cs,Glenn,7.56,74,Mizoram
b190354cs,Jefferson,7.51,87,Gujarat
b190355cs,Luke,8.58,75,Gujarat
b190356cs,Neal,8.19,94,Mizoram
b190357cs,Burt,9.12,88,Gujarat
b190358cs,Ike,8.6,80,Mizoram
b190359cs,Myron,6.14,77,Kerala
b190360cs,Tony,9.7,75,Mizoram
b190361cs,Conrad,8.92,82,Tamilnadu
b190362cs,Joel,9.64,91,Tamilnadu
b190363cs,Matt,7.68,79,Kerala
b190364cs,Riley,6.56,76,Kerala
b190365cs,Vincent,6.89,80,Telangana
b190366cs,Emory,7.73,87,Gujarat
b190367cs,Isaiah,9.82,84,Gujarat
b190368cs,Nick,7.84,96,Mizoram
b190369cs,Ezra,9.76,79,Tamilnadu
b190370cs,Green,7.56,84,Gujarat
b190371cs,Juan,9.08,79,Gujarat
b190372cs,Clifton,7.97,97,Tamilnadu
b190373cs,Lucius,7.46,80,Kerala
b190374cs,Porter,7.85,85,Gujarat
b190375cs,Arnold,9.94,74,Mizoram
b190376cs,Bud,8.69,89,Kerala
b190377cs,Jeremiah,9.33,87,Kerala
b190378cs,Taylor,7.44,90,Mizoram
b190379cs,Forrest,6.95,89,Tamilnadu
b190380cs,Roland,7.18,88,Kerala
b190381cs,Spencer,8.19,85,Mizoram
b190382cs,Burton,7.3,79,Gujarat
b190383cs,Don,6.87,89,Kerala
b190384cs,Emmet,6.13,81,Gujarat
b190385cs,Gustav,6.69,86,Mizoram
b190386cs,Louie,7.09,99,Gujarat
b190387cs,Morgan,9.34,91,Gujarat
b190388cs,Ned,6.95,88,Tamilnadu
b190389cs,Van,9.87,71,Gujarat
b190390cs,Ambrose,6.47,70,Gujarat
b190391cs,Chauncey,7.8,84,Kerala
b190392cs,Elisha,9.77,70,Telangana
b190393cs,Ferdinand,6.18,94,Gujarat
b190394cs,General,8.6,97,Gujarat
b190395cs,Julian,7.18,79,Tamilnadu
b190396cs,Kenneth,8.31,89,Mizoram
b190397cs,Mitchell,8.8,72,Telangana
b190398cs,Allie,8.55,82,Tamilnadu
b190399cs,Josh,7.76,94,Mizoram
b190400cs,Judson,7.1,73,Mizoram
b190401cs,Lyman,7.72,83,Telangana
b190402cs,Napoleon,7.09,90,Gujarat
b190403cs,Pedro,9.18,76,Kerala
b190404cs,Berry,9.55,99,Tamilnadu
b190405cs,Dewitt,9.87,76,Gujarat
b190406cs,Ervin,6.51,94,Telangana
b190407cs,Forest,9.92,97,Telangana
b190408cs,Lynn,7.65,93,Tamilnadu
b190409cs,Pink,9.85,92,Tamilnadu
b190410cs,Ruben,7.02,84,Telangana
b190411cs,Sanford,6.35,83,Kerala
b190412cs,Ward,6.65,81,Tamilnadu
b190413cs,Douglas,7.63,86,Tamilnadu
b190414cs,Ole,9.69,91,Gujarat
b190415cs,Omer,8.23,70,Telangana
b190416cs,Ulysses,7.79,92,Kerala
b190417cs,Walker,9.79,97,Gujarat
b190418cs,Wilbert,7.21,91,Gujarat
b190419cs,Adelbert,8.39,86,Mizoram
b190420cs,Benjiman,9.79,75,Mizoram
b190421cs,Ivan,8.12,78,Mizoram
b190422cs,Jonas,7.31,96,Gujarat
b190423cs,Major,9.86,95,Kerala
b190424cs,Abner,8.79,73,Telangana
b190425cs,Archibald,9.17,78,Kerala
b190426cs,Caleb,8.17,86,Gujarat
b190427cs,Clint,7.69,79,Mizoram
b190428cs,Dudley,6.96,72,Gujarat
b190429cs,Granville,9.46,70,Mizoram
b190430cs,King,6.69,74,Gujarat
b190431cs,Mary,6.84,99,Gujarat
b190432cs,Merton,6.19,86,Mizoram
b190433cs,Antonio,6.84,95,Tamilnadu
b190434cs,Bennie,9.57,82,Telangana
b190435cs,Carroll,9.16,76,Mizoram
b190436cs,Freeman,7.1,99,Gujarat
b190437cs,Josiah,6.06,76,Telangana
b190438cs,Milo,8.57,75,Mizoram
b190439cs,Royal,6.5,77,Gujarat
b190440cs,Dick,9.61,94,Mizoram
b190441cs,Earle,7.76,81,Gujarat
b190442cs,Elza,8.91,94,Mizoram
b190443cs,Emerson,7.61,90,Tamilnadu
b190444cs,Fletcher,6.1,96,Mizoram
b190445cs,Judge,7.03,99,Tamilnadu
b190446cs,Laurence,9.04,88,Mizoram
b190447cs,Neil,6.38,77,Telangana
b190448cs,Roger,9.97,83,Mizoram
b190449cs,Seth,6.22,94,Gujarat
b190450cs,Glen,8.48,89,Tamilnadu
b190451cs,Hugo,9.15,97,Telangana
b190452cs,Jimmie,9.08,97,Mizoram
b190453cs,Johnnie,8.54,82,Gujarat
b190454cs,Washington,8.13,96,Kerala
b190455cs,Elwood,6.35,79,Mizoram
b190456cs,Gust,8.73,99,Mizoram
b190457cs,Harmon,8.36,87,Tamilnadu
b190458cs,Jordan,9.42,87,Kerala
b190459cs,Simeon,8.45,99,Kerala
b190460cs,Wayne,6.53,98,Mizoram
b190461cs,Wilber,8.59,83,Gujarat
b190462cs,Clem,7.81,79,Mizoram
b190463cs,Evan,6.78,86,Gujarat
b190464cs,Frederic,8.96,97,Telangana
b190465cs,Irwin,7.69,70,Tamilnadu
b190466cs,Junius,8.45,95,Tamilnadu
b190467cs,Lafayette,6.32,91,Telangana
b190468cs,Loren,8.1,70,Mizoram
b190469cs,Madison,8.29,73,Telangana
b190470cs,Mason,8.84,75,Tamilnadu
b190471cs,Orval,8.35,94,Gujarat
b190472cs,Abram,8.28,86,Mizoram
b190473cs,Aubrey,9.42,86,Mizoram
b190474cs,Elliott,7.46,85,Mizoram
b190475cs,Hans,9.77,84,Telangana
b190476cs,Karl,8.69,92,Gujarat
b190477cs,Minor,8.38,77,Kerala
b190478cs,Wash,6.46,97,Tamilnadu
b190479cs,Wilfred,9.2,71,Mizoram
b190480cs,Allan,8.53,96,Kerala
b190481cs,Alphonse,6.66,87,Mizoram
b190482cs,Dallas,7.52,93,Kerala
b190483cs,Dee,7.03,100,Tamilnadu
b190484cs,Isiah,6.66,75,Kerala
b190485cs,Jason,9.26,94,Kerala
b190486cs,Johnny,9.8,94,Tamilnadu
b190487cs,Lawson,7.91,73,Mizoram
b190488cs,Lew,9.35,73,Telangana
b190489cs,Micheal,8.83,79,Kerala
b190490cs,Orin,7.58,93,Kerala
b190491cs,Addison,8.88,87,Mizoram
b190492cs,Cal,8.32,99,Mizoram
b190493cs,Erastus,7.68,95,Tamilnadu
b190494cs,Francisco,8.5,85,Gujarat
b190495cs,Hardy,7.2,86,Mizoram
b190496cs,Lucien,6.51,94,Mizoram
b190497cs,Randolph,8.17,98,Kerala
b190498cs,Stewart,9.96,88,Tamilnadu
b190499cs,Vern,8.79,82,Telangana
b190500cs,Wilmer,7.18,98,Tamilnadu
b190501cs,Zack,7.84,95,Mizoram
b190502cs,Adrian,9.79,98,Kerala
b190503cs,Alvah,6.74,70,Gujarat
b190504cs,Bertram,7.11,87,Kerala
b190505cs,Clay,6.38,87,Mizoram
b190506cs,Ephraim,9.9,84,Gujarat
b190507cs,Fritz,6.51,80,Mizoram
b190508cs,Giles,6.15,86,Mizoram
b190509cs,Grover,8.51,88,Telangana
b190510cs,Harris,9.15,70,Telangana
b190511cs,Isom,9.76,91,Telangana
b190512cs,Jesus,8.78,92,Tamilnadu
b190513cs,Johnie,8.65,80,Tamilnadu
b190514cs,Jonathan,6.05,79,Tamilnadu
b190515cs,Lucian,8.56,71,Telangana
b190516cs,Malcolm,8.67,97,Kerala
b190517cs,Merritt,7.09,78,Kerala
b190518cs,Otho,9.03,79,Tamilnadu
b190519cs,Perley,7.74,79,Kerala
b190520cs,Rolla,7.29,92,Tamilnadu
b190521cs,Sandy,9.22,79,Mizoram
b190522cs,Tomas,8.04,91,Kerala
b190523cs,Wilford,9.41,88,Telangana
b190524cs,Adolphus,6.62,85,Telangana
b190525cs,Angus,7.92,93,Mizoram
b190526cs,Arther,7.5,82,Tamilnadu
b190527cs,Carlos,7.83,76,Mizoram
b190528cs,Cary,9.41,100,Mizoram
b190529cs,Cassius,8.21,70,Gujarat
b190530cs,Davis,8.9,82,Mizoram
b190531cs,Hamilton,7.51,93,Gujarat
b190532cs,Harve,7.21,90,Kerala
b190533cs,Israel,6.27,82,Kerala
b190534cs,Leander,6.68,92,Kerala
b190535cs,Melville,8.21,83,Tamilnadu
b190536cs,Merle,6.7,71,Telangana
b190537cs,Murray,7.91,70,Tamilnadu
b190538cs,Pleasant,7.61,95,Telangana
b190539cs,Sterling,7.45,79,Kerala
b190540cs,Steven,8.56,71,Tamilnadu
b190541cs,Axel,9.16,93,Telangana
b190542cs,Boyd,7.09,70,Tamilnadu
b190543cs,Bryant,9.2,78,Kerala
b190544cs,Clement,6.78,70,Kerala
b190545cs,Erwin,7.37,70,Mizoram
b190546cs,Ezekiel,7.29,97,Tamilnadu
b190547cs,Foster,9.95,90,Kerala
b190548cs,Frances,8.09,90,Gujarat
b190549cs,Geo,6.72,72,Gujarat
b190550cs,Houston,9.28,71,Telangana
b190551cs,Issac,8.07,92,Kerala
b190552cs,Jules,6.06,76,Gujarat
b190553cs,Larkin,7.6,91,Telangana
b190554cs,Mat,6.61,77,Telangana
b190555cs,Morton,8.58,92,Telangana
b190556cs,Orlando,8.09,80,Gujarat
b190557cs,Pierce,8.17,100,Tamilnadu
b190558cs,Prince,9.48,71,Telangana
b190559cs,Rollie,6.07,90,Mizoram
b190560cs,Rollin,6.52,96,Mizoram
b190561cs,Sim,9.83,97,Tamilnadu
b190562cs,Stuart,7.87,92,Kerala
b190563cs,Wilburn,9.05,70,Gujarat
b190564cs,Bennett,8.61,75,Gujarat
b190565cs,Casper,8.91,87,Kerala
b190566cs,Christ,7.84,95,Telangana
b190567cs,Dell,9.36,82,Tamilnadu
b190568cs,Egbert,7.24,98,Telangana
b190569cs,Elmo,7.45,77,Gujarat
b190570cs,Fay,7.06,98,Kerala
b190571cs,Gabriel,6.66,97,Mizoram
b190572cs,Hector,6.7,92,Telangana
b190573cs,Horatio,9.45,73,Kerala
b190574cs,Lige,9.55,87,Tamilnadu
b190575cs,Saul,9.01,77,Mizoram
b190576cs,Smith,6.33,98,Kerala
b190577cs,Squire,6.16,99,Tamilnadu
b190578cs,Tobe,9.25,73,Telangana
b190579cs,Tommie,9.04,88,Kerala
b190580cs,Wyatt,7.44,88,Kerala
b190581cs,Alford,6.49,76,Kerala
b190582cs,Alma,6.88,73,Gujarat
b190583cs,Alton,8.74,86,Mizoram
b190584cs,Andres,7.65,99,Tamilnadu
b190585cs,Burl,7.44,97,Gujarat
b190586cs,Cicero,6.15,87,Tamilnadu
b190587cs,Dean,6.35,77,Gujarat
b190588cs,Dorsey,9.39,87,Gujarat
b190589cs,Enos,9.26,100,Telangana
b190590cs,Howell,8.12,87,Telangana
b190591cs,Lou,9.64,80,Telangana
b190592cs,Loyd,7.73,86,Telangana
b190593cs,Mahlon,8.95,70,Tamilnadu
b190594cs,Nat,8.67,74,Kerala
b190595cs,Omar,8.36,78,Mizoram
b190596cs,Oran,9.75,99,Mizoram
b190597cs,Parker,8.16,77,Kerala
b190598cs,Raleigh,8.52,97,Telangana
b190599cs,Reginald,7.93,77,Kerala